Fp1,AF3,F3,F7,FC5,FC1,C3,T7,CP5,CP1,P3,P7,PO3,O1,Oz,Pz,Fp2,AF4,Fz,F4,F8,FC6,FC2,Cz,C4,T8,CP6,CP2,P4,P8,PO4,O2
0.057813093,-1.335265708,4.640479834,0.21957263,7.473817197,2.314841544,1.918096675,-9.257533341,9.089943478,-7.104518775,2.414574162,7.827253336,-3.781129703,4.732689026,-5.738116843,-7.654468958,2.332482692,3.561578738,2.406168609,8.67108511,1.046758895,-3.716191836,-30.57954227,-2.241480334,1.415335067,2.406645742,12.86405942,4.02109921,-2.828598465,-2.588735036,2.637905227,-5.226618413
