Fp1,AF3,F3,F7,FC5,FC1,C3,T7,CP5,CP1,P3,P7,PO3,O1,Oz,Pz,Fp2,AF4,Fz,F4,F8,FC6,FC2,Cz,C4,T8,CP6,CP2,P4,P8,PO4,O2
1.367407744,10.25965434,3.345408537,7.897852219,-2.446051236,-1.655034777,-6.301423102,-7.290316574,-3.546453167,-5.705186844,3.636300217,-1.282584819,3.825046404,5.962937662,2.410637397,-2.719755928,1.339452632,6.263791973,-0.270993344,3.272304674,2.150266601,3.397740659,-1.2905158,-2.568397286,-5.651418419,-0.096730002,-4.930759112,-1.722503712,-6.111309137,0.094892926,-3.521353228,1.8870925
